rank, address, website
0,['One Johnson & Johnson Plaza| New Brunswick| NJ US 08933'],['www.jnj.com']
1,['1812 N Moore Street| Floors 28–35| Rosslyn| VA US 22209'],['www.nestleusa.com']
2,['3555 Farnam Street| Omaha| NE US 68131'],['www.berkshirehathaway.com']
3,['1812 North Moore Street| Rosslyn| VA US 22209'],['www.nestle.com']
4,['10 Hudson Yards| New York| NY US 10001'],['www.lorealusa.com']
5,['19 East 57Th Street| New York| NY US 10022'],['www.lvmh.com/']
6,['9333 N Milwaukee Avenue| Niles| IL US 60714'],['www.bradfordexchange.com']
7,['5260 Western Avenue| Chevy Chase| MD US 20815'],['www.geico.com']
8,['1000 Nicollet Mall| Minneapolis| MN US 55403'],['www.target.com']
9,['1 P&G Plaza| Cincinnati| OH US 45202'],['www.us.pg.com/']
10,['235 East 42Nd Street| New York| NY US 10017'],['www.pfizer.com/']
11,['19 East 57Th Street| New York| NY US 10022'],['www.lvmh.com/']
12,['2000 Galloping Hill Road| Kenilworth| NJ US 07033'],['www.merck.com/']
13,['1 North Waukegan Road| North Chicago| IL US 60064-6163'],['www.abbvie.com']
14,['175 Park Avenue| Madison| NJ US 07940'],['www.sothebysrealty.com']
15,['5 Crescent Drive| Philadelphia| PA US 19112'],['www.gsk.com/']
16,['55 Corporate Drive| Bridgewater| NJ US 08807'],['www.sanofi.com/']
17,['7050 Camp Hill Road| Fort Washington| PA US 19034'],['www.jnj.com']
18,['800 Scudders Mill Road| Plainsboro| NJ US 08536'],['www.novo.dk']
19,['2000 Galloping Hill Road| Kenilworth| NJ US 07033'],['www.merck.com']
20,['1 P&G Plaza| Cincinnati| OH US 45202'],['www.always.com/']
21,['1325 Avenue Of The Americas| Suite 2400| New York| NY US 10019'],['www.nikkei.com']
22,['2000 Galloping Hill Road| Kenilworth| NJ US 07033'],['www.keytruda.com/']
23,['10 Hudson Yards| New York| NY US 10001'],['www.lorealparis.com']
24,['One Kellogg Square| Battle Creek| MI US 49016-3599'],['www.kelloggcompany.com']
25,['1 Campbell Place| Camden| NJ US 08103-1701'],['www.campbellsoupcompany.com']
26,['800 Sylvan Avenue| Englewood Cliffs| NJ US 07632'],['www.ahcbeauty.com/']
27,['5760 West 96Th Street| Los Angeles| CA US 90045'],['www.neutrogena.com']
28,['1 Campus Drive| Parsippany| NJ US 07054'],['www.anaordaz.com/']
29,['5760 West 96Th Street| Los Angeles| CA US 90045'],['www.neutrogena.com']
30,['1 P&G Plaza| Cincinnati| OH US 45202'],['www.us.pg.com']
31,['645 Fifth Avenue| 5Th Floor| New York| NY US 10022'],['www.richemont.com']
32,['3491 Mission Oaks Boulevard| Camarillo| CA US 93012'],['www.harborfreight.com']
33,['1 P&G Plaza| Cincinnati| OH US 45202'],['www.olay.com']
34,['200 East Randolph Street| Suite 7600| Chicago| IL US 60601'],['www.oscarmayer.com']
35,['One Health Plaza| East Hanover| NJ US 07936'],['www.novartis.com']
36,['235 East 42Nd Street| New York| NY US 10017'],['www.xeljanz.com/']
37,['595 Westport Ave| Norwalk| CT US 06851'],['www.pepperidgefarm.com']
38,['345 Park Avenue| New York| NY US 10154'],['www.bms.com']
39,['Grenzacherstrasse 124| Basel| CH 4070'],['www.roche.com']
40,['151 West 34Th Street| New York| NY US 10001'],['www.macysinc.com']
41,['340 Kingsland Street| Nutley| NJ US 07110'],['www.roche.com']
42,['9115 Hague Road| Indianapolis| IN US 46250-0457'],['www.roche.com']
43,['14101 Southcross Drive West| Burnsville| MN US 55337'],['www.stauer.com']
44,['235 East 42Nd Street| New York| NY US 10017'],['www.ra.xeljanz.com/']
45,['1 Dna Way| South San Francisco| CA US 94080'],['www.gene.com']
46,['14101 Southcross Drive West| Ste. 155| Burnsville| MN US 55337'],['www.stauer.com/']
47,['10945 Vista Sorrento Pkwy| Suite 120| San Diego| CA US 92130'],['www.greatcall.com']
48,['200 East Randolph Street| Suite 7600| Chicago| IL US 60601'],['www.lunchables.com']
49,['One Cvs Drive| Woonsocket| RI US 02895'],['www.caremark.com']
50,['2200 W. Don Tyson Parkway| Springdale| AR US 72762'],['www.tyson.com/']
51,['100 4Th Ave N| Bayport| MN US 55003'],['www.andersencorporation.com/']
52,['One Dell Way| Round Rock| TX US 78682'],['www.delltechnologies.com']
53,['One Cvs Drive| Woonsocket| RI US 02895'],['www.cvs.com']
54,['200 Wilmot Road| Deerfield| IL US 60015'],['www.walgreens.com/']
55,['1 Dell Way| Round Rock| TX US 78664'],['www.delltechnologies.com/']
56,['666 Grand Avenue| Des Moines| IA US 50306-0657'],['www.berkshirehathawayenergyco.com']
57,['N56 W17000 Ridgewood Drive| Menomonee Falls| WI US 53051'],['www.kohlscorporation.com']
58,['200 East Randolph Street| Suite 7600| Chicago| IL US 60601'],['www.kraftrecipes.com']
59,['1 Checkerboard Square| Saint Louis| MO US 63164'],['www.purina.com/']
60,['18500 Von Karman| Suite 400| Irvine| CA US 92612'],['www.berkshirehathawayhs.com']
61,['228 Manhattan Beach Blvd| Manhattan Beach| CA US 90266'],['www.skechers.com']
62,['1 Checkerboard Square| Saint Louis| MO US 63164'],['www.purina.com']
63,['500 Charles Ewing Blvd.| Princeton South Corporate Center| Ewing| NJ US 08628'],['www.churchdwight.com/']
64,['665 Fifth Avenue| New York| NY US 10022'],['www.rolex.com']
65,['350 Fifth Avenue| 17Th Floor| New York| NY US 10118'],['www.coty.com']
66,['1701 Jfk Boulevard| Comcast Center| Philadelphia| PA US 19103'],['www.corporate.comcast.com/']
67,['1812 North Moore Street| Rosslyn| VA US 22209'],['www.nestle.com']
68,['11 River Rd| Wilton| CT US 06897'],['www.bluebuffalo.com']
69,['19 East 57Th Street| New York| NY US 10022'],['www.louisvuitton.com']
70,['7| Rue Paul Lelong| Paris| FR 75002'],['www.vitalco.com']
71,['1 Macneil Ct| Bolingbrook| IL US 60440'],['www.weathertech.com']
72,['3655 Nw 87Th Avenue| Miami| FL US 33178'],['www.carnival.com']
73,['1000 N.W. Street| Suite 1200| Wilmington| DE US 19801'],['www.newnordic.com']
74,['1650 Elm Hill Pike| Suite 5| Nashville| TN US 37210'],['www.safesteptub.com']
75,['208 S Akard St| Dallas| TX US 75202'],['www.att.com']
76,['702 Sw 8Th Street| Bentonville| AR US 72716-0160'],['www.walmart.com/']
77,['30 Ave Montaigne| Paris| FR 75008'],['www.dior.com/']
78,['300 Park Avenue| 11Th Floor| New York| NY US 10022-7499'],['www.colgatepalmolive.com']
79,['7665 Corporate Centre Drive| Miami| FL US 33126'],['www.ncl.com/']
80,['1221 Broadway| Oakland| CA US 94612'],['www.thecloroxcompany.com/']
81,['10 Hudson Yards| New York| NY US 10001'],['www.lorealparisusa.com']
82,['1 Court Square West| Long Island City| NY US 11101'],['www.alticeusa.com']
83,['One Health Plaza| East Hanover| NJ US 07936-1080'],['www.pharma.us.novartis.com']
84,['767 Fifth Avenue| New York| NY US 10153'],['www.esteelauder.com']
85,['1111 Stewart Avenue| Bethpage| NY US 11714-3581'],['www.alticeusa.com']
86,['10 Hudson Yards| New York| NY US 10001'],['www.maybelline.com']
87,['9333 N. Milwaukee Ave| Niles| IL US 60714'],['www.bradfordexchange.com/']
88,['1 P&G Plaza| Cincinnati| OH US 45202'],['www.alwaysdiscreet.com/']
89,['10 Hudson Yards| New York| NY US 10001'],['www.lorealparisusa.com']
90,['595 Westport Ave| Norwalk| CT US 06851'],['www.pepperidgefarm.com']
91,['7665 Corporate Center Drive| Miami| FL US 33126'],['www.ncl.com']
92,['22| Avenue Montaigne| Paris| FR 75008'],['www.lvmh.com']
93,['5 Giralda Farms| Madison| NJ US 07940'],['www.allergan.com']
94,['7665 Corporate Center Drive| Miami| FL US 33139'],['www.ncl.com']
95,['1 P&G Plaza| Cincinnati| OH US 45202'],['www.olay.com']
96,['6601 West Broad Street| Richmond| VA US 23230'],['www.altria.com/']
97,['500 Charles Ewing Blvd.| Princeton South Corporate Center| Ewing| NJ US 08628'],['www.armandhammer.com/']
98,['6600 Rockledge Drive| Bethesda| MD US 20817'],['www.totalwine.com']
99,['1014 Vine Street| Cincinnati| OH US 45202-1100'],['www.kroger.com']
100,['132-138 Quay Street| Auckland| NZ 1010'],['www.rankgroup.co.nz']
101,['6600 Rockledge Drive| Bethesda| MD US 20817'],['www.totalwine.com']
102,['1900 W. Field Court| Lake Forest| IL US 60045'],['www.reynoldsgroupholdings.com']
103,['295 Chalan Pasaheru Route 10A| Tamuning| US 96913'],['www.homedepot.com']
104,['10 Hudson Yards| New York| NY US 10001'],['www.garnier.com']
105,['1900 W. Field Court| Lake Forest| IL US 60045'],['www.reynoldsconsumerproducts.com/']
106,['691 Madison Avenue| New York| NY US 10065'],['www.hermes.com/']
107,['55 Metro Way| Suite #1| Secaucus| NJ US 07094'],['www.swatchgroup.com/']
108,['100 Winchester Circle| Los Gatos| CA US 95032'],['www.netflix.com']
109,['200 South 108Th Avenue| Omaha| NE US 68154'],['www.tdameritrade.com']
110,['14101 Southcross Drive West| Burnsville| MN US 55337'],['www.stauer.com']
111,['1600 Amphitheatre Parkway| Mountain View| CA US 94043'],['www.google.com/']
112,['645 Fifth Avenue| 8Th Floor| New York| NY US 10022'],['www.cartier.com']
113,['19 East 57Th Street| New York| NY US 10022'],['www.dior.com/']
114,['1600 Amphitheatre Parkway| Mountain View| CA US 94043'],['www.abc.xyz/']
115,['1155 Gratiot Ave.| Detroit| MI US 48207-2732'],['www.crain.com']
116,['Via Tornabuoni 73/R| 50123| Florence| IT '],['www.gucci.com']
117,['1800 Concord Pike| Wilmington| DE US 19850-5437'],['www.astrazeneca.com']
118,['One Kellogg Square| Battle Creek| MI US 49016-3599'],['www.frostedminiwheats.com']
119,['555 Madison Ave| New York| NY US 10022'],['www.bulgari.com/']
120,['One Amgen Center Drive| Thousand Oaks| CA US 91320-1799'],['www.amgen.com']
121,['300 Renaissance Ctr| Detroit| MI US 48243'],['www.gm.com']
122,['184 Charles Street| Malden| MA US 02148'],['www.sunsetter.com']
123,['2401 Utah Avenue South| Seattle| WA US 98134'],['www.starbucks.com']
124,['100 Bayer Boulevard| Whippany| NJ US 07981'],['www.bayer.com']
125,['645 Fifth Avenue| 5Th Floor| New York| NY US 10022'],['www.vancleefarpels.com']
126,['1001 Third Avenue South| Minneapolis| MN US 55404'],['www.sleepnumber.com']
127,['37-39 Rue De Bellechasse| Paris| FR 75007'],['www.ysl.com']
128,['One Kellogg Square| Battle Creek| MI US 49016-3599'],['www.specialk.com']
129,['7050 Camp Hill Road| Fort Washington| PA US 19034'],['www.tylenol.com']
130,['7101 Vorden Parkway| South Bend| IN US 46628'],['www.tirerack.com']
131,['300 Renaissance Center| Ste L1| Detroit| MI US 48226'],['www.chevrolet.com']
132,['500 South Buena Vista Street| Mc 9722| Burbank| CA US 91521'],['www.thewaltdisneycompany.com/']
133,['211 Main Street| San Francisco| CA US 94105'],['www.aboutschwab.com']
134,['11444 Olympic Blvd.| Los Angeles| CA US 90064'],['www.wonderful.com']
135,['401 North Main Street| Winston-Salem| NC US 27101-2990'],['www.reynoldsamerican.com']
136,['One Johnson & Johnson Plaza| New Brunswick| NJ US 08933'],['www.aveeno.com']
137,['5101 Menard Drive| Eau Claire| WI US 54703'],['www.menards.com']
138,['4 Temple Place| London| UK WC2R 2PG'],['www.bat.com']
139,['6601 West Broad Street| Richmond| VA US 23230'],['www.altria.com']
140,['650 Madison Avenue| New York| NY US 10022'],['www.ralphlauren.com']
141,['800 Sylvan Avenue| Englewood Cliffs| NJ US 07632'],['www.dove.com/']
142,['2200 W. Don Tyson Parkway| Springdale| AR US 72762'],['www.jimmydean.com/']
143,['9204 Center For The Arts Dr| Niles| IL US 60714'],['www.hamiltoncollection.com']
144,['727 Fifth Avenue| New York| NY US 10022'],['www.tiffany.com']
145,['609 West 52Nd Street| New York| NY US 10019'],['www.prada.com']
146,['412 Dream Lane| Van Nuys| CA US 91496-0001'],['www.dreamproducts.com']
147,['2929 Walker Ave. Nw| Grand Rapids| MI US 49544-9424'],['www.meijer.com']
148,['6201 South Freeway| Fort Worth| TX US 76134-2001'],['www.alcon.com']
149,['6565 Headquarters Drive| Plano| TX US 75024'],['www.lexus.com']
150,['717 5Th Avenue| New York| NY US 10022'],['www.armani.com/']
151,['12447 Sw 69Th Ave| Portland| OR US 97223'],['www.consumercellular.com']
152,['9 West 57Th Street| 2Nd Floor| New York| NY US 10019'],['www.chanel.com']
153,['1000 Aaa Drive| Heathrow| FL US 32746'],['www.aaa.com']
154,['11540 Highway 92 East| Seffner| FL US 33584'],['www.RoomsToGo.com']
155,['9 West 57Th Street| 31St Floor| New York| NY US 10019'],['www.sycamorepartners.com']
156,['650 Liberty Avenue| Union| NJ US 07083'],['www.bedbathandbeyond.com']
157,['6201 South Freeway| Fort Worth| TX US 76134-2001'],['www.alcon.com/']
158,['6885 Elm Street| Mclean| VA US 22101'],['www.mars.com/']
159,['9 West 57Th Street| Suite 4200| New York| NY US 10019'],['www.kkr.com']
160,['10909 John Galt Blvd| Omaha| NE US 68103'],['www.omahasteaks.com']
161,['690 Asylum Avenue| Hartford| CT US 06155'],['www.thehartford.com']
162,['150 Pierce Rd| Suite 400| Itasca| IL US 60143'],['www.jewelosco.com']
163,['345 Park Avenue| New York| NY US 10154'],['www.blackstone.com']
164,['2 16 4 Konan| Minato-Ku| Tokyo| JP 108-8241'],['www.otsuka.com']
165,['11780 Us Highway One| Suite 400 North| Palm Beach Gardens| FL US 33408'],['www.slimfast.com']
166,['500 Staples Drive| Framingham| MA US 01702'],['www.staples.com']
167,['1 P&G Plaza| Cincinnati| OH US 45202'],['www.pantene.com/']
168,['9700 Nw 112Th Avenue| Miami| FL US 33178'],['www.tracfone.com']
169,['4141 Parklake Avenue| Suite 600| Raleigh| NC US 27612'],['www.suntory.com/softdrink/index.html?fromid=sbf']
170,['One Embarcadero Center| Suite 2020| San Francisco| CA US 94111'],['www.otsuka-america.com']
171,['Lago Zurich 245| Edificio Telcel|| Col. Granada Ampliación| Mexico City| MX 11529'],['www.americamovil.com']
172,['17450 College Parkway| Livonia| MI US 48152'],['www.masco.com/']
173,['222 W Merchandise Mart Plaza| Chicago| IL US 60654'],['www.beamsuntory.com']
174,['245 Summer Street| Boston| MA US 02210'],['www.fidelity.com/']
175,['One Takeda Parkway| Deerfield| IL US 60015'],['www.takeda.com']
176,['9 West 57Th Street| 2Nd Floor| New York| NY US 10019'],['www.chanel.com/en_GB/fragrance-beauty/fragrance.html#page-1']
177,['10 Hudson Yards| New York| NY US 10001'],['www.lancome.com']
178,['300 Park Avenue| New York| NY US 10022-7499'],['www.colgate.com']
179,['555 Madison Ave| New York| NY US 10022'],['www.bulgari.com/']
180,['86 Morris Avenue| Summit| NJ US 07901'],['www.otezla.com']
181,['1145 17Th Street Nw| Washington| DC US 20036'],['www.nationalgeographic.com']
182,['410 Terry Avenue North| Seattle| WA US 98109'],['www.amazon.com']
183,['1525 Howe Street| Racine| WI US 53403-5011'],['www.scjohnson.com']
184,['19 East 57Th Street| New York| NY US 10022'],['www.lvmh.com']
185,['Piazza Del Duomo| Milano| IT 20121'],['www.valentino.com/']
186,['4400 Biscayne Boulevard| Miami| FL US 33137'],['www.vectorgroupltd.com/']
187,['1132 W. Blackhawk St.| Chicago| IL US 60642'],['www.mars.com/']
188,['575 Madison Avenue| New York| NY US 10022'],['www.elliman.com']
189,['One Ashley Way| Arcadia| WI US 54612'],['www.ashleyfurnitureindustriesinc.com/']
190,['21 East 57Th St| New York| NY US 10022'],['www.dior.com/']
191,['30 Hunter Lane| Camp Hill| PA US 17011'],['www.riteaid.com']
192,['4950 Sw 72Nd Avenue| Suite 201| Miami| FL US 33155-5531'],['www.sandals.com']
193,['One Ashley Way| Arcadia| WI US 54612'],['www.ashleyfurniturehomestore.com']
194,['3 Manhattanville Road| Suite 202| Purchase| NY US 10577'],['www.nrdc.com']
195,['4950 Sw 72Nd Avenue| Miami| FL US 33155'],['www.sandals.com']
196,['1309 Mount Eustis Rd| Littleton| NH US 03561'],['www.littletoncoin.com/']
197,['6 Research Drive| Shelton| CT US 06484'],['www.edgewell.com/']
198,['381 North Service Road West| Oakville| ON CA L6M 0H4'],['www.iovate.com/']
199,['1400 N. Goodman St.| Rochester| NY US 14609'],['www.bausch.com']
200,['333 Lakeside Drive| Foster City| CA US 94404'],['www.gilead.com']
201,['5 Giralda Farms| Madison| NJ US 07940'],['www.linzess.com']
202,['19 East 57Th Street| New York| NY US 10022'],['www.dior.com/']
203,['One Dell Way| Round Rock| TX US 78682'],['www.dell.com/']
204,['5 Giralda Farms| Madison| NJ US 07940'],['www.frx.com']
205,['2440 Research Blvd| Rockville| MD US 20850'],['www.rexulti.com']
206,['1 Dell Way| Round Rock| TX US 78664'],['www.dell.com/']
207,['611 Fifth Avenue| New York| NY US 10022'],['www.saksincorporated.com/']
208,['500 Pine Street| Seattle| WA US 98101'],['www.nordstrom.com']
209,['701 Canyon Dr.| Ste 120| Coppell| TX US 75019'],['www.business.spectrum.com']
210,['12 East 49Th St.| New York| NY US 10017'],['www.saksfifthavenue.com']
211,['10400 Fernwood Road| Bethesda| MD US 20817-1102'],['www.marriott.com']
212,['Po Box 129| Oxford| NC US 27565'],['www.sfntc.com']
213,['9333 N Milwaukee Ave| Niles| IL US 60714'],['www.bradfordexchange.com']
214,['7665 Corporate Center Drive| Miami| FL US 33126'],['www.oceaniacruises.com']
215,['One Plaza La Prensa| Santa Fe| NM US 87507'],['www.nascigs.com']
216,['1000 Third Avenue| New York| NY US 10022'],['www.bloomingdales.com/']
217,['6565 Headquarters Dr| Plano| TX US 75024'],['www.toyota.com']
218,['350 Fifth Avenue| 17Th Floor| New York| NY US 10118'],['www.covergirl.com']
219,['One Johnson & Johnson Plaza| New Brunswick| NJ US 08933'],['www.aveeno.com/']
220,['1919 Torrance Blvd| Torrance| CA US 90501'],['www.honda.com']
221,['11 West 42Nd Street| New York| NY US 10036'],['www.michaelkors.com/']
222,['One American Road| Dearborn| MI US 48126'],['www.ford.com']
223,['6601 West Broad Street| Richmond| VA US 23230'],['www.skoal.com']
224,['9900 Bren Road East| Mn008-T930| Minnetonka| MN US 55343'],['www.uhc.com']
225,['3300 Mutual Of Omaha Plaza| Omaha| NE US 68175'],['www.mutualofomaha.com/']
226,['235 East 42Nd Street| New York| NY US 10017'],['www.pfizer.com/']
227,['10 Hudson Yards| New York| NY US 10001'],['www.garnierusa.com']
228,['1 New Orchard Road| Armonk| NY US 10504-1722'],['www.ibm.com']
229,['702 Sw 8Th Street| Bentonville| AR US 72716-0160'],['www.walmart.com/']
230,['10 Hudson Yards| New York| NY US 10001'],['www.armanibeauty.com']
231,['183 Madison Avenue| 19Th Floor| New York| NY US 10016'],['www.puig.com']
232,['9700 Nw 112Th Avenue| Miami| FL US 33178'],['www.straighttalk.com/']
233,['Lilly Corporate Center| Indianapolis| IN US 46285'],['www.lilly.com/']
234,['1200 N Kirk Road| Batavia| IL US 60510'],['www.aldi.us/']
235,['700 Anderson Hill Road| Purchase| NY US 10577'],['www.pepsico.com']
236,['1 P&G Plaza| Cincinnati| OH US 45202'],['www.tampax.com/']
237,['2701 Le Jeune Road| Coral Gables| FL US 33134'],['www.bacardilimited.com/']
238,['800 Sylvan Avenue| Englewood Cliffs| NJ US 07632'],['www.tresemme.com/']
239,['7021 51St Ave.| Woodside| NY US 11577'],['www.directwineinc.com/']
240,['1 Centennial Plaza| Piscataway| NJ US 08855-6820'],['www.lixil.co.jp']
241,['10 Hudson Yards| New York| NY US 10001'],['www.giorgioarmanibeauty-usa.com']
242,['1 North Waukegan Road| North Chicago| IL US 60064-6163'],['www.humira.com']
243,['8000 Bent Branch Drive| Irving| TX US 75063'],['www.michaels.com']
244,['One Health Plaza| East Hanover| NJ US 07936'],['www.cosentyx.com']
245,['6885 Elm Street| Mclean| VA US 22101'],['www.mms.com/']
246,['4500 Perkiomen Avenue| Reading| PA US 19606'],['www.boscovs.com']
247,['One John Deere Place| Moline| IL US 61265'],['www.deere.com']
248,['555 West Monroe Street| Chicago| IL US 60661'],['www.gatorade.com/']
249,['235 East 42Nd Street| New York| NY US 10017'],['www.chapstick.com/']
250,['10 Hudson Yards| New York| NY US 10001'],['www.garnierusa.com']
251,['6501 Legacy Drive| Plano| TX US 75024'],['www.jcpenney.com']
252,['10 Hudson Yards| New York| NY US 10001'],['www.garnier.ca']
253,['1501 Biscayne Blvd.| Suite 500| Miami| FL US 33132'],['www.crystalcruises.com']
254,['85 Challenger Road| Ridgefield Park| NJ US 07660'],['www.samsung.com']
255,['200 Price Parkway| Rebate Redemption Center| Farmingdale| NY US 11735'],['www.pcrichard.com']
256,['1 P&G Plaza| Cincinnati| OH US 45202'],['www.herbalessences.com/']
257,['10 Hudson Yards| New York| NY US 10001'],['www.garnier.ca']
258,['1200 Harbor Blvd| 7Th Floor| Weehawken| NJ US 07086'],['www.omegawatches.com']
259,['1 Centennial Plaza| Piscataway| NJ US 08854'],['www.americanstandard-us.com/']
260,['35 East 62Nd Street| New York| NY US 10065'],['www.macandrewsandforbes.com']
261,['Gustav Mahlerplein 25| Amsterdam| NL 1082 MS'],['www.exor.com']
262,['410 Terry Avenue North| Seattle| WA US 98109'],['www.amazon.com']
263,['703 Waterford Way| Suite 450| Miami| FL US 33126'],['www.omegawatches.com']
264,['660 Madison Ave.| 12Th Fl.| New York| NY US 10065'],['www.corcoran.com']
265,['410 Terry Avenue North| Seattle| WA US 98109'],['www.primevideo.com']
266,['388 Greenwich Street| New York| NY US 10013'],['www.citigroup.com/']
267,['10 Hudson Yards| New York| NY US 10001'],['www.garnierusa.com']
268,['767 Fifth Avenue| New York| NY US 10153'],['www.clinique.com']
269,['312 Plum Street Building| Cincinnati| OH US 45201'],['www.biore.com']
270,['2325 Bells Road| Richmond| VA US 23234'],['www.freshcope.com']
271,['10 Grosvenor Street| Weston Centre| London| UK W1K 4QY'],['www.wittington-investments.co.uk/']
272,['1 P&G Plaza| Cincinnati| OH US 45202'],['www.herbalessences.com']
273,['1 Belmont Ave| Bala Cynwyd| PA US 19004'],['www.connectamerica.com']
274,['1000 Remington Boulevard| Suite 120| Bolingbrook| IL US 60440'],['www.ulta.com']
275,['200 East Randolph Street| Suite 7600| Chicago| IL US 60601'],['www.heinz.com/']
276,['816 Park Way| Broomall| PA US 19008'],['www.Medicalalert.com']
277,['770 Lexington Avenue| 4Th Floor| New York| NY US 10065'],['www.bhsusa.com']
278,['1000 Remington Boulevard| Suite 120| Bolingbrook| IL US 60440'],['www.ulta.com']
279,['10 Hudson Yards| New York| NY US 10001'],['www.lorealparisusa.com']
280,['2861 34Th Street South| St Petersburg| FL US 33711'],['www.almased.com']
281,['388 Greenwich Street| 17Th Floor| New York| NY US 10013'],['www.citigroup.com']
282,['1 Lincoln Street| Boston| MA US 02111-2900'],['www.ssga.com']
283,['33 Margaret Street| London| UK W1G 0JD'],['www.savills.co.uk']
284,['2800 W. Higgins Road| Suite 895| Hoffman Estates| IL US 60169'],['www.accuquest.com/']
285,['Lilly Corporate Center| Indianapolis| IN US 46285'],['www.lilly.com/']
286,['5 Giralda Farms| Madison| NJ US 07940'],['www.botox.com']
287,['551 Fifth Avenue| Suite 1500| New York| NY US 10176'],['www.interparfumsinc.com']
288,['345 Court Street| Coraopolis| PA US 15108'],['www.dickssportinggoods.com/']
289,['1000 Lowes Boulevard| Mooresville| NC US 28117'],['www.lowes.com']
290,['444 Madison Avenue| New York| NY US 10022'],['www.burberryplc.com']
291,['655 Third Avenue| New York| NY US 10017'],['www.mitsubishicorp.com']
292,['10 Hudson Yards| New York| NY US 10001'],['www.lorealparisusa.com']
293,['420 5Th Ave| 18Th Floor| New York| NY US 10018'],['www.luxottica.com/']
294,['234 West 44Th St| New York| NY US 10036'],['www.shubert.nyc']
295,['One Coca-Cola Plaza| Atlanta| GA US 30313'],['www.coca-colacompany.com']
296,['7248 Morgan Rd| Liverpool| NY US 13088'],['www.raymourflanigan.com']
297,['893 Delaware St| Indianapolis| IN US 46285'],['www.lilly.com/']
298,['420 5Th Ave| 18Th Floor| New York| NY US 10018'],['www.luxottica.com/']
299,['7248 Morgan Road| Liverpool| NY US 13088'],['www.raymourflanigan.com']
300,['Lilly Corporate Center| Indianapolis| IN US 46285'],['www.taltz.com/']
301,['700 Anderson Hill Rd| Purchase| NY US 10577'],['www.pureleaf.com']
302,['Lilly Corporate Center| Indianapolis| IN US 46285'],['www.lilly.com/']
303,['10 Hudson Yards| New York| NY US 10001'],['www.lorealparisusa.com']
304,['Lilly Corporate Center| Indianapolis| IN US 46285'],['www.lillyoncology.com/']
305,['1618 Main Street| One Marcus Square| Dallas| TX US 75201'],['www.neimanmarcusgroup.com']
306,['10 Hudson Yards| New York| NY US 10001'],['www.lorealparisusa.com']
307,['4840 Westfields Blvd| Suite 500| Chantilly| VA US 20151'],['www.thegreatcourses.com']
308,['10 Hudson Yards| New York| NY US 10001'],['www.tapestry.com']
309,['200 Madison Avenue| New York| NY US 10016'],['www.pvh.com/']
310,['4840 Westfields Blvd.| Suite 500| Chantilly| VA US 20151'],['www.thegreatcourses.com/']
311,['86 Morris Avenue| Summit| NJ US 07901'],['www.celgene.com']
312,['1 Strawberry Lane| Orrville| OH US 44667-0280'],['www.jmsmucker.com']
313,['1000 Chrysler Drive| Auburn Hills| MI US 48326-2766'],['www.ramtrucks.com']
314,['10 Hudson Yards| New York| NY US 10001'],['www.lorealparisusa.com']
315,['Block D| De Wagenweg Office Park| Stellentia Road| Stellenbosch| ZA 7600'],['www.steinhoffinternational.com']
316,['8925 Torbram Road| Brampton| ON CA L6T 4G1'],['www.thebay.com']
317,['205 West 39Th Street| New York| NY US 10018'],['www.calvinklein.com/']
318,['10201 S. Main St| Houston| TX US 77025'],['www.mattressfirm.com/']
319,['10 Hudson Yards| New York| NY US 10001'],['www.garnierusa.com/']
320,['294 Washington Street| 9Th Floor| Boston| MA US 02108'],['www.simplisafe.com']
321,['10201 W Pico Blvd| Building 88| 3Rd Floor| Los Angeles| CA US 90035'],['www.foxmovies.com']
322,['10 Hudson Yards| New York| NY US 10001'],['www.garnierusa.com']
323,['1801 California Street| Suite 4600| Denver| CO US 80202'],['www.molsoncoors.com']
324,['500 South Buena Vista Street| Burbank| CA US 91521'],['www.waltdisneystudios.com/']
325,['3333 Beverly Road| Hoffman Estates| IL US 60179'],['www.sears.com']
326,['260 Madison Avenue| Floor 10| New York| NY US 10016'],['www.drinksmartwater.com']
327,['2200 W. Don Tyson Parkway| Springdale| AR US 72762'],['www.hillshirefarm.com/']
328,['1211 Avenue Of The Americas| New York| NY US 10036'],['www.21cf.com']
329,['260 Madison Avenue| Floor 10| New York| NY US 10016'],['www.drinksmartwater.com']
330,['400 Somerset Corporate Blvd.| Bridgewater| NJ US 08807'],['www.valeant.com']
331,['1 Hormel Place| Austin| MN US 55912'],['www.hormel.com']
332,['7701 Legacy Drive| Plano| TX US 75024'],['www.fritolay.com']
333,['1 Strawberry Lane| Orrville| OH US 44667-0280'],['www.bigheartpet.com/']
334,['846 University Avenue| Norwood| MA US 02062-9108'],['www.showcasecinemas.com/']
